<?xml version="1.0" encoding="UTF-8"?>
<project-private xmlns="http://www.netbeans.org/ns/project-private/1">
    <editor-bookmarks xmlns="http://www.netbeans.org/ns/editor-bookmarks/2" lastBookmarkId="0"/>
    <open-files xmlns="http://www.netbeans.org/ns/projectui-open-files/2">
        <group>
            <file>file:/D:/ELTE/Tantárgyak/3.%20semester/Programozási%20technológia/Gyakorlat/Beadandó02_MHHWTE/MHHWTE02/src/mhhwte02/MHHWTE02.java</file>
            <file>file:/D:/ELTE/Tantárgyak/3.%20semester/Programozási%20technológia/Gyakorlat/Beadandó02_MHHWTE/MHHWTE02/src/mhhwte02/Launcher.java</file>
            <file>file:/D:/ELTE/Tantárgyak/3.%20semester/Programozási%20technológia/Gyakorlat/Beadandó02_MHHWTE/MHHWTE02/src/mhhwte02/LauncherModel.java</file>
            <file>file:/D:/ELTE/Tantárgyak/3.%20semester/Programozási%20technológia/Gyakorlat/Beadandó02_MHHWTE/MHHWTE02/src/mhhwte02/Gamelogic.java</file>
            <file>file:/D:/ELTE/Tantárgyak/3.%20semester/Programozási%20technológia/Gyakorlat/Beadandó02_MHHWTE/MHHWTE02/src/mhhwte02/Window.java</file>
            <file>file:/D:/ELTE/Tantárgyak/3.%20semester/Programozási%20technológia/Gyakorlat/Beadandó02_MHHWTE/MHHWTE02/src/mhhwte02/Board.java</file>
        </group>
    </open-files>
</project-private>
